detector_date,siteSM1_20110714,GRACRSM1_20110715,GRACRSM1_20110716,GRACRSM2_20110714,GRCARSM2_20110715,GRCARSM2_20110716,GRCARSM3_20110714,HYDERSM3_20110715,HYDERSM3_20110716,HYDERSM4_20110714,FOGARSM4_20110715,FOGARSM4_20110716,FOGARSM5_20110714,COWARSM5_20110715,COWARSM5_20110716,COWARSM6_20110714,COWAPSM6_20110715,COWAPSM6_20110716,COWAPSM1_20110717,GRYORSM1_20110718,GRYORSM1_20110719,GRYORSM1_20110720,GRYORSM2_20110717,NCTCRSM2_20110718,NCTCRSM2_20110719,NCTCRSM2_20110720,NCTCRSM3_20110717,NCTBRSM3_20110718,NCTBRSM3_20110719,NCTBRSM3_20110720,NCTBRSM4_20110717,GRYOPSM4_20110718,GRYOPSM4_20110719,GRYOPSM4_20110720,GRYOPSM5_20110717,PIKARSM5_20110718,PIKARSM5_20110719,PIKARSM5_20110720,PIKARSM6_20110717,PIKAPSM6_20110718,PIKAPSM6_20110719,PIKAPSM6_20110720,PIKAPSM1_20110721,FNSURSM1_20110722,FNSURSM1_20110723,FNSURSM2_20110721,FNSUPSM2_20110722,FNSUPSM2_20110723,FNSUPSM3_20110721,JPBDRSM3_20110722,JPBDRSM3_20110723,JPBDRSM4_20110721,GRRURSM4_20110722,GRRURSM4_20110723,GRRURSM5_20110721,BECKRSM5_20110722,BECKRSM5_20110723,BECKRSM6_20110721,BECKPSM6_20110722,BECKPSM6_20110723,BECKPSM1_20110724,SMMIRSM1_20110725,SMMIRSM1_20110726,SMMIRSM1_20110727,SMMIRSM2_20110724,SMMIXSM2_20110725,SMMIXSM2_20110726,SMMIXSM2_20110727,SMMIXSM3_20110724,JPHRPSM3_20110725,JPHRPSM3_20110726,JPHRPSM3_20110727,JPHRPSM4_20110724,SMMIPSM4_20110725,SMMIPSM4_20110726,SMMIPSM4_20110727,SMMIPSM5_20110724,SMMIXSM5_20110725,SMMIXSM5_20110726,SMMIXSM5_20110727,SMMIXSM6_20110724,JPHRRSM6_20110725,JPHRRSM6_20110726,JPHRRSM6_20110727,JPHRRSM1_20110731,RILARSM1_20110801,RILARSM1_20110802,RILARSM2_20110731,RIWRRSM2_20110801,RIWRRSM2_20110802,RIWRRSM3_20110731,HOCRRSM3_20110801,HOCRRSM3_20110802,HOCRRSM4_20110731,HOCRPSM4_20110801,HOCRPSM4_20110802,HOCRPSM5_20110731,COLARSM5_20110801,COLARSM5_20110802,COLARSM6_20110731,COLAPSM6_20110801,COLAPSM6_20110802,COLAPSM1_20110803,CLAMXSM1_20110804,CLAMXSM1_20110805,CLAMXSM2_20110803,CLAMRSM2_20110804,CLAMRSM2_20110805,CLAMRSM3_20110803,COHORSM3_20110804,COHORSM3_20110805,COHORSM4_20110803,COHOPSM4_20110804,COHOPSM4_20110805,COHOPSM5_20110803,CLAMPSM5_20110804,CLAMPSM5_20110805,CLAMPSM6_20110803,CLAMXSM6_20110804,CLAMXSM6_20110805,CLAMXSM1_20110806,FOGARSM1_20110807,FOGARSM1_20110808,FOGARSM1_20110809,FOGARSM1_20110810,FOGARSM1_20110811,FOGARSM1_20110812,FOGARSM2_20110806,GRYOPSM2_20110807,GRYOPSM2_20110808,GRYOPSM2_20110809,GRYOPSM2_20110810,GRYOPSM2_20110811,GRYOPSM2_20110812,GRYOPSM3_20110806,GRYORSM3_20110807,GRYORSM3_20110808,GRYORSM3_20110809,GRYORSM3_20110810,GRYORSM3_20110811,GRYORSM3_20110812,GRYORSM4_20110806,GRCARSM4_20110807,GRCARSM4_20110808,GRCARSM4_20110809,GRCARSM4_20110810,GRCARSM4_20110811,GRCARSM4_20110812,GRCARSM5_20110806,NCTBRSM5_20110807,NCTBRSM5_20110808,NCTBRSM5_20110809,NCTBRSM5_20110810,NCTBRSM5_20110811,NCTBRSM5_20110812,NCTBRSM6_20110806,GRACRSM6_20110807,GRACRSM6_20110808,GRACRSM6_20110809,GRACRSM6_20110810,GRACRSM6_20110811,GRACRSM6_20110812,GRACRSM1_20110813,PIKAPSM1_20110814,PIKAPSM1_20110815,PIKAPSM1_20110816,PIKAPSM2_20110813,PIKARSM2_20110814,PIKARSM2_20110815,PIKARSM2_20110816,PIKARSM3_20110813,COWAPSM3_20110814,COWAPSM3_20110815,COWAPSM3_20110816,COWAPSM4_20110813,COWARSM4_20110814,COWARSM4_20110815,COWARSM4_20110816,COWARSM5_20110813,NCTCRSM5_20110814,NCTCRSM5_20110815,NCTCRSM5_20110816,NCTCRSM6_20110813,HYDERSM6_20110814,HYDERSM6_20110815,HYDERSM6_20110816,HYDERSM1_20110817,BECKPSM1_20110818,BECKPSM1_20110819,BECKPSM2_20110817,BECKRSM2_20110818,BECKRSM2_20110819,BECKRSM3_20110817,GRRURSM3_20110818,GRRURSM3_20110819,GRRURSM4_20110817,JPBDRSM4_20110818,JPBDRSM4_20110819,JPBDRSM5_20110817,FNSUPSM5_20110818,FNSUPSM5_20110819,FNSUPSM6_20110817,FNSURSM6_20110818,FNSURSM6_20110819,FNSURSM1_20110820,JPHRXSM1_20110821,JPHRXSM1_20110822,JPHRXSM2_20110820,JPHRRSM2_20110821,JPHRRSM2_20110822,JPHRRSM3_20110820,JPHRPSM3_20110821,JPHRPSM3_20110822,JPHRPSM4_20110820,JPHRXSM4_20110821,JPHRXSM4_20110822,JPHRXSM5_20110820,SMMIPSM5_20110821,SMMIPSM5_20110822,SMMIPSM6_20110820,SMMIRSM6_20110821,SMMIRSM6_20110822,SMMIRSM1_20110823,COLAPSM1_20110824,COLAPSM1_20110825,COLAPSM1_20110826,COLAPSM2_20110823,COLARSM2_20110824,COLARSM2_20110825,COLARSM2_20110826,COLARSM3_20110823,RIWRRSM3_20110824,RIWRRSM3_20110825,RIWRRSM3_20110826,RIWRRSM4_20110823,RILARSM4_20110824,RILARSM4_20110825,RILARSM4_20110826,RILARSM5_20110823,HOCRPSM5_20110824,HOCRPSM5_20110825,HOCRPSM5_20110826,HOCRPSM6_20110823,HOCRRSM6_20110824,HOCRRSM6_20110825,HOCRRSM6_20110826,HOCRRSM1_20110827,CLAMPSM1_20110828,CLAMPSM1_20110829,CLAMPSM2_20110827,COHORSM2_20110828,COHORSM2_20110829,COHORSM3_20110827,COHOXSM3_20110828,COHOXSM3_20110829,COHOXSM4_20110827,CLAMRSM4_20110828,CLAMRSM4_20110829,CLAMRSM5_20110827,COHOPSM5_20110828,COHOPSM5_20110829,COHOPSM6_20110827,COHOXSM6_20110828,COHOXSM6_20110829,COHOX