,site,date,detector_date,bug_date,bug_count3,BECKP,20110721,SM6_20110721,20110714,24,BECKP,20110722,SM6_20110722,20110714,25,BECKP,20110723,SM6_20110723,20110714,29,BECKR,20110721,SM5_20110721,20110714,210,BECKR,20110722,SM5_20110722,20110714,211,BECKR,20110723,SM5_20110723,20110714,268,COWAP,20110714,SM6_20110714,20110714,0.869,COWAP,20110715,SM6_20110715,20110714,0.870,COWAP,20110716,SM6_20110716,20110714,0.875,COWAR,20110714,SM5_20110714,20110714,0.876,COWAR,20110715,SM5_20110715,20110714,0.877,COWAR,20110716,SM5_20110716,20110714,0.878,FNSUP,20110721,SM2_20110721,20110714,179,FNSUP,20110722,SM2_20110722,20110714,180,FNSUP,20110723,SM2_20110723,20110714,184,FNSUR,20110721,SM1_20110721,20110714,185,FNSUR,20110722,SM1_20110722,20110714,186,FNSUR,20110723,SM1_20110723,20110714,197,FOGAR,20110714,SM4_20110714,20110714,20.698,FOGAR,20110715,SM4_20110715,20110714,20.699,FOGAR,20110716,SM4_20110716,20110714,20.6100,GRACR,20110714,SM1_20110714,20110714,14.2101,GRACR,20110715,SM1_20110715,20110714,14.2102,GRACR,20110716,SM1_20110716,20110714,14.2110,GRCAR,20110714,SM2_20110714,20110714,1.2111,GRCAR,20110715,SM2_20110715,20110714,1.2112,GRCAR,20110716,SM2_20110716,20110714,1.2123,GRRUR,20110721,SM4_20110721,20110714,16124,GRRUR,20110722,SM4_20110722,20110714,16125,GRRUR,20110723,SM4_20110723,20110714,16133,GRYOP,20110717,SM4_20110717,20110714,0.8134,GRYOP,20110718,SM4_20110718,20110714,0.8135,GRYOP,20110719,SM4_20110719,20110714,0.8136,GRYOP,20110720,SM4_20110720,20110714,0.8137,GRYOR,20110717,SM1_20110717,20110714,0.8138,GRYOR,20110718,SM1_20110718,20110714,0.8139,GRYOR,20110719,SM1_20110719,20110714,0.8140,GRYOR,20110720,SM1_20110720,20110714,0.8164,HYDER,20110714,SM3_20110714,20110714,2165,HYDER,20110715,SM3_20110715,20110714,2166,HYDER,20110716,SM3_20110716,20110714,2171,JPBDR,20110721,SM3_20110721,20110714,12.2172,JPBDR,20110722,SM3_20110722,20110714,12.2173,JPBDR,20110723,SM3_20110723,20110714,12.2197,NCTBR,20110717,SM3_20110717,20110714,12.6198,NCTBR,20110718,SM3_20110718,20110714,12.6199,NCTBR,20110719,SM3_20110719,20110714,12.6200,NCTBR,20110720,SM3_20110720,20110714,12.6208,NCTCR,20110717,SM2_20110717,20110714,10.6209,NCTCR,20110718,SM2_20110718,20110714,10.6210,NCTCR,20110719,SM2_20110719,20110714,10.6211,NCTCR,20110720,SM2_20110720,20110714,10.6220,PIKAP,20110717,SM6_20110717,20110714,20.4221,PIKAP,20110718,SM6_20110718,20110714,20.4222,PIKAP,20110719,SM6_20110719,20110714,20.4223,PIKAP,20110720,SM6_20110720,20110714,20.4228,PIKAR,20110717,SM5_20110717,20110714,20.4229,PIKAR,20110718,SM5_20110718,20110714,20.4230,PIKAR,20110719,SM5_20110719,20110714,20.4231,PIKAR,20110720,SM5_20110720,20110714,20.415,CLAMP,20110803,SM5_20110803,20110802,16,CLAMP,20110804,SM5_20110804,20110802,17,CLAMP,20110805,SM5_20110805,20110802,18,CLAMR,20110803,SM2_20110803,20110802,19,CLAMR,20110804,SM2_20110804,20110802,20,CLAMR,20110805,SM2_20110805,20110802,24,CLAMX,20110803,SM1_20110803,20110802,25,CLAMX,20110804,SM1_20110804,20110802,26,CLAMX,20110805,SM1_20110805,20110802,27,CLAMX,20110803,SM6_20110803,20110802,28,CLAMX,20110804,SM6_20110804,20110802,29,CLAMX,20110805,SM6_20110805,20110802,30,COHOP,20110803,SM4_20110803,20110802,31,COHOP,20110804,SM4_20110804,20110802,32,COHOP,20110805,SM4_20110805,20110802,39,COHOR,20110803,SM3_20110803,20110802,40,COHOR,20110804,SM3_20110804,20110802,41,COHOR,20110805,SM3_20110805,20110802,52,COLAP,20110728,SM6_20110728,20110802,4053,COLAP,20110729,SM6_20110729,20110802,4054,COLAP,20110730,SM6_20110730,20110802,4055,COLAP,20110731,SM6_20110731,20110802,4060,COLAR,20110728,SM5_20110728,20110802,4061,COLAR,20110729,SM5_20110729,20110802,4062,COLAR,20110730,SM5_20110730,20110802,4063,COLAR,20110731,SM5_20110731,20110802,4090,FOGAR,20110806,SM1_20110806,20110802,23.491,FOGAR,20110807,SM1_20110807,20110802,23.492,FOGAR,20110808,SM1_20110808,20110802,23.493,FOGAR,20110809,SM1_20110809,20110802,23.494,FOGAR,20110810,SM1_20110810,20110802,23.4103,GRACR,20110806,SM6_20110806,20110802,21.6104,GRACR,20110807,SM6_20110807,20110802,21.6105,GRACR,20110808,SM6_20110808,20110802,21.6106,GRACR,20110809,SM6_20110809,20110802,21.6107,GRACR,20110810,SM6_20110810,20110802,21.6113,GRCAR,20110806,SM4_20110806,20110802,0.4114,GRCAR,20110807,SM4_20110807,20110802,0.4115,GRCAR,20110808,SM4_20110808,20110802,0.4116,GRCAR,20110809,SM4_20110809,20110802,0.4117,GRCAR,20110810,SM4_20110810,20110802,0.4126,GRYOP,20110806,SM2_20110806,20110802,2.2127,GRYOP,20110807,SM2_20110807,20110802,2.2128,GRYOP,20110808,SM2_20110808,20110802,2.2129,GRYOP,20110809,SM2_20110809,20110802,2.2130,GRYOP,20110810,SM2_20110810,20110802,2.2141,GRYOR,20110806,SM3_20110806,20110802,2.2142,GRYOR,20110807,SM3_20110807,20110802,2.2143,GRYOR,20110808,SM3_20110808,20110802,2.2144,GRYOR,20110809,SM3_20110809,20110802,2.2145,GRYOR,20110810,SM3_20110810,20110802,2.2148,HOCRP,20110728,SM4_20110728,20110802,89.6149,HOCRP,20110729,SM4_20110729,20110802,89.6150,HOCRP,20110730,SM4_20110730,20110802,89.6151,HOCRP,20110731,SM4_20110731,20110802,89.6156,HOCRR,20110728,SM3_20110728,20110802,89.6157,HOCRR,20110729,SM3_20110729,20110802,89.6158,HOCRR,20110730,SM3_20110730,20110802,89.6159,HOCRR,20110731,SM3_20110731,20110802,89.6177,JPHRP,20110724,SM3_20110724,20110802,4.4178,JPHRP,20110725,SM3_20110725,20110802,4.4179,JPHRP,20110726,SM3_20110726,20110802,4.4180,JPHRP,20110727,SM3_20110727,20110802,4.4187,JPHRR,20110724,SM6_20110724,20110802,4.4188,JPHRR,20110725,SM6_20110725,20110802,4.4189,JPHRR,20110726,SM6_20110726,20110802,4.4190,JPHRR,20110727,SM6_20110727,20110802,4.4201,NCTBR,20110806,SM5_20110806,20110802,24202,NCTBR,20110807,SM5_20110807,20110802,24203,NCTBR,20110808,SM5_20110808,20110802,24204,NCTBR,20110809,SM5_20110809,20110802,24205,NCTBR,20110810,SM5_20110810,20110802,24232,RILAR,20110728,SM1_20110728,20110802,29.2233,RILAR,20110729,SM1_20110729,20110802,29.2234,RILAR,20110730,SM1_20110730,20110802,29.2235,RILAR,20110731,SM1_20110731,20110802,29.2240,RIWRR,20110728,SM2_20110728,20110802,7.2241,RIWRR,20110729,SM2_20110729,20110802,7.2242,RIWRR,20110730,SM2_20110730,20110802,7.2243,RIWRR,20110731,SM2_20110731,20110802,7.2248,SMMIP,20110724,SM4_20110724,20110802,9.8249,SMMIP,20110725,SM4_20110725,20110802,9.8250,SMMIP,20110726,SM4_20110726,20110802,9.8251,SMMIP,20110727,SM4_20110727,20110802,9.8255,SMMIR,20110724,SM1_20110724,20110802,9.8256,SMMIR,20110725,SM1_20110725,20110802,9.8257,SMMIR,20110726,SM1_20110726,20110802,9.8258,SMMIR,20110727,SM1_20110727,20110802,9.8262,SMMIX,20110724,SM2_20110724,20110802,9.8263,SMMIX,20110725,SM2_20110725,20110802,9.8264,SMMIX,20110726,SM2_20110726,20110802,9.8265,SMMIX,20110727,SM2_20110727,20110802,9.8266,SMMIX,20110724,SM5_20110724,20110802,9.8267,SMMIX,20110725,SM5_20110725,20110802,9.8268,SMMIX,20110726,SM5_20110726,20110802,9.8269,SMMIX,20110727,SM5_20110727,20110802,9.80,BECKP,20110817,SM1_20110817,20110818,6.41,BECKP,20110818,SM1_20110818,20110818,6.42,BECKP,20110819,SM1_20110819,20110818,6.46,BECKR,20110817,SM2_20110817,20110818,6.47,BECKR,20110818,SM2_20110818,20110818,6.48,BECKR,20110819,SM2_20110819,20110818,6.412,CLAMP,20110827,SM1_20110827,20110818,5.813,CLAMP,20110828,SM1_20110828,20110818,5.814,CLAMP,20110829,SM1_20110829,20110818,5.821,CLAMR,20110827,SM4_20110827,20110818,5.822,CLAMR,20110828,SM4_20110828,20110818,5.823,CLAMR,20110829,SM4_20110829,20110818,5.833,COHOP,20110827,SM5_20110827,20110818,34,COHOP,20110828,SM5_20110828,20110818,35,COHOP,20110829,SM5_20110829,20110818,36,COHOR,20110827,SM2_20110827,20110818,37,COHOR,20110828,SM2_20110828,20110818,38,COHOR,20110829,SM2_20110829,20110818,42,COHOX,20110827,SM3_20110827,20110818,43,COHOX,20110828,SM3_20110828,20110818,44,COHOX,20110829,SM3_20110829,20110818,45,COHOX,20110827,SM6_20110827,20110818,46,COHOX,20110828,SM6_20110828,20110818,47,COHOX,20110829,SM6_20110829,20110818,48,COLAP,20110823,SM1_20110823,20110818,10.649,COLAP,20110824,SM1_20110824,20110818,10.650,COLAP,20110825,SM1_20110825,20110818,10.651,COLAP,20110826,SM1_20110826,20110818,10.656,COLAR,20110823,SM2_20110823,20110818,10.657,COLAR,20110824,SM2_20110824,20110818,10.658,COLAR,20110825,SM2_20110825,20110818,10.659,COLAR,20110826,SM2_20110826,20110818,10.664,COWAP,20110813,SM3_20110813,20110818,0.865,COWAP,20110814,SM3_20110814,20110818,0.866,COWAP,20110815,SM3_20110815,20110818,0.867,COWAP,20110816,SM3_20110816,20110818,0.871,COWAR,20110813,SM4_20110813,20110818,0.872,COWAR,20110814,SM4_20110814,20110818,0.873,COWAR,20110815,SM4_20110815,20110818,0.874,COWAR,20110816,SM4_20110816,20110818,0.881,FNSUP,20110817,SM5_20110817,20110818,0.882,FNSUP,20110818,SM5_20110818,20110818,0.883,FNSUP,20110819,SM5_20110819,20110818,0.887,FNSUR,20110817,SM6_20110817,20110818,0.888,FNSUR,20110818,SM6_20110818,20110818,0.889,FNSUR,20110819,SM6_20110819,20110818,0.895,FOGAR,20110811,SM1_20110811,20110818,17.496,FOGAR,20110812,SM1_20110812,20110818,17.4108,GRACR,20110811,SM6_20110811,20110818,16109,GRACR,20110812,SM6_20110812,20110818,16118,GRCAR,20110811,SM4_20110811,20110818,0119,GRCAR,20110812,SM4_20110812,20110818,0120,GRRUR,20110817,SM3_20110817,20110818,13.8121,GRRUR,20110818,SM3_20110818,20110818,13.8122,GRRUR,20110819,SM3_20110819,20110818,13.8131,GRYOP,20110811,SM2_20110811,20110818,1132,GRYOP,20110812,SM2_20110812,20110818,1146,GRYOR,20110811,SM3_20110811,20110818,1147,GRYOR,20110812,SM3_20110812,20110818,1152,HOCRP,20110823,SM5_20110823,20110818,34.2153,HOCRP,20110824,SM5_20110824,20110818,34.2154,HOCRP,20110825,SM5_20110825,20110818,34.2155,HOCRP,20110826,SM5_20110826,20110818,34.2160,HOCRR,20110823,SM6_20110823,20110818,34.2161,HOCRR,20110824,SM6_20110824,20110818,34.2162,HOCRR,20110825,SM6_20110825,20110818,34.2163,HOCRR,20110826,SM6_20110826,20110818,34.2167,HYDER,20110813,SM6_20110813,20110818,0168,HYDER,20110814,SM6_20110814,20110818,0169,HYDER,20110815,SM6_20110815,20110818,0170,HYDER,20110816,SM6_20110816,20110818,0174,JPBDR,20110817,SM4_20110817,20110818,13.8175,JPBDR,20110818,SM4_20110818,20110818,13.8176,JPBDR,20110819,SM4_20110819,20110818,13.8181,JPHRP,20110820,SM3_20110820,20110818,3.6182,JPHRP,20110821,SM3_20110821,20110818,3.6183,JPHRP,20110822,SM3_20110822,20110818,3.6184,JPHRR,20110820,SM2_20110820,20110818,3.6185,JPHRR,20110821,SM2_20110821,20110818,3.6186,JPHRR,20110822,SM2_20110822,20110818,3.6191,JPHRX,20110820,SM1_20110820,20110818,3.6192,JPHRX,20110821,SM1_20110821,20110818,3.6193,JPHRX,20110822,SM1_20110822,20110818,3.6194,JPHRX,20110820,SM4_20110820,20110818,3.6195,JPHRX,20110821,SM4_20110821,20110818,3.6196,JPHRX,20110822,SM4_20110822,20110818,3.6206,NCTBR,20110811,SM5_20110811,20110818,20.8207,NCTBR,20110812,SM5_20110812,20110818,20.8212,NCTCR,20110813,SM5_20110813,20110818,11213,NCTCR,20110814,SM5_20110814,20110818,11214,NCTCR,20110815,SM5_20110815,20110818,11215,NCTCR,20110816,SM5_20110816,20110818,11216,PIKAP,20110813,SM1_20110813,20110818,16.2217,PIKAP,20110814,SM1_20110814,20110818,16.2218,PIKAP,20110815,SM1_20110815,20110818,16.2219,PIKAP,20110816,SM1_20110816,20110818,16.2224,PIKAR,20110813,SM2_20110813,20110818,16.2225,PIKAR,20110814,SM2_20110814,20110818,16.2226,PIKAR,20110815,SM2_20110815,20110818,16.2227,PIKAR,20110816,SM2_20110816,20110818,16.2236,RILAR,20110823,SM4_20110823,20110818,14237,RILAR,20110824,SM4_20110824,20110818,14238,RILAR,20110825,SM4_20110825,20110818,14239,RILAR,20110826,SM4_20110826,20110818,14244,RIWRR,20110823,SM3_20110823,20110818,3245,RIWRR,20110824,SM3_20110824,20110818,3246,RIWRR,20110825,SM3_20110825,20110818,3247,RIWRR,20110826,SM3_20110826,20110818,3252,SMMIP,20110820,SM5_20110820,20110818,5253,SMMIP,20110821,SM5_20110821,20110818,5254,SMMIP,20110822,SM5_20110822,20110818,5259,SMMIR,20110820,SM6_20110820,20110818,5260,SMMIR,20110821,SM6_20110821,20110818,5261,SMMIR,20110822,SM6_20110822,20110818,5